SubscriberID,SubName,SubscriberSSN,SubscriberUniqueID,SubscriberFirstName,SubscriberlastName,SubscriberDOB,SubscriberBalAmount1,SubscriberBalAmount2,SubscriberBalAmount3,SubscriberBalAmount4,DependantUniqueID,DependantID,Dependant Name,DependantSSN,DependantFirstName,DependantlastName,DependantDOB,DependantBalAmount1,DependantBalAmount2,DependantBalAmount3,DependantBalAmount4
SUB800001,Kiera Hernandez,792-85-0244,SUB800001,Kiera,Hernandez,8/9/1992,2190,2166,1504,1560,DEP00057,DEP00057,Sharon Zamora,154-65-9629,Sharon,Zamora,2/9/1978,100,1817,1016,1222
SUB800001,Kiera Hernandez,784-39-2165,SUB800001,Kiera,Hernandez,8/9/1992,2190,2166,1504,1560,DEP00066,DEP00066,Britney Campbell,209-46-8967,Britney,Campbell,2/9/1984,100,2739,1850,1563
SUB800001,Kiera Hernandez,163-56-0026,SUB800001,Kiera,Hernandez,8/9/1992,2190,2166,1504,1560,DEP00084,DEP00084,Gianna Bennett,868-52-6682,Gianna,Bennett,5/9/1984,100,1411,2863,2552
SUB800001,Kiera Hernandez,514-71-2804,SUB800001,Kiera,Hernandez,8/9/1992,2190,2166,1504,1560,DEP00144,DEP00144,Erika Joyce,870-32-5263,Erika,Joyce,5/9/1978,100,2209,613,2479
SUB800001,Kiera Hernandez,577-95-3193,SUB800001,Kiera,Hernandez,8/9/1992,2190,2166,1504,1560,DEP00176,DEP00176,Jenny Maldonado,222-66-2284,Jenny,Maldonado,9/9/1988,100,2541,1275,2187
SUB800001,Kiera Hernandez,796-82-3829,SUB800001,Kiera,Hernandez,8/9/1992,2190,2166,1504,1560,DEP00187,DEP00187,Georgia Patrick,897-25-1579,Georgia,Patrick,12/9/1991,100,1854,2320,508
SUB800001,Kiera Hernandez,794-75-9723,SUB800001,Kiera,Hernandez,8/9/1992,2190,2166,1504,1560,DEP00218,DEP00218,Aurora Franklin,643-62-9946,Aurora,Franklin,5/9/1979,100,769,2180,2922
SUB800001,Kiera Hernandez,261-63-3477,SUB800001,Kiera,Hernandez,8/9/1992,2190,2166,1504,1560,DEP00220,DEP00220,Karla Duarte,606-99-4889,Karla,Duarte,6/9/1984,100,2905,1691,2403
SUB800001,Kiera Hernandez,777-92-1585,SUB800001,Kiera,Hernandez,8/9/1992,2190,2166,1504,1560,DEP00233,DEP00233,Reed Cardenas,519-44-7725,Reed,Cardenas,12/9/1988,100,551,2587,1500
SUB800001,Kiera Hernandez,268-99-1383,SUB800001,Kiera,Hernandez,8/9/1992,2190,2166,1504,1560,DEP00247,DEP00247,Moshe Gomez,617-31-2689,Moshe,Gomez,2/9/1976,100,2674,2388,1605
SUB800001,Kiera Hernandez,261-69-2032,SUB800001,Kiera,Hernandez,8/9/1992,2190,2166,1504,1560,DEP00266,DEP00266,Antoine Dillon,861-10-5756,Antoine,Dillon,9/9/1978,100,2492,1236,686
SUB800002,Dayana Cherry,774-98-4028,SUB800002,Dayana,Cherry,1/9/1980,2798,774,641,2860,DEP00174,DEP00174,Jadyn Perez,797-46-7516,Jadyn,Perez,2/9/1993,100,1988,1285,1095
SUB800002,Dayana Cherry,722-30-3626,SUB800002,Dayana,Cherry,1/9/1980,2798,774,641,2860,DEP00207,DEP00207,Bailey West,690-80-5031,Bailey,West,10/9/1991,100,1814,1184,2890
SUB800002,Dayana Cherry,114-86-4129,SUB800002,Dayana,Cherry,1/9/1980,2798,774,641,2860,DEP00262,DEP00262,Karlee Ware,316-55-4470,Karlee,Ware,8/9/1978,100,2266,1510,1277
SUB800002,Dayana Cherry,251-69-9983,SUB800002,Dayana,Cherry,1/9/1980,2798,774,641,2860,DEP00298,DEP00298,Louis Farrell,237-96-8601,Louis,Farrell,1/9/1981,100,2399,1139,2836
SUB800002,Dayana Cherry,625-95-0905,SUB800002,Dayana,Cherry,1/9/1980,2798,774,641,2860,DEP00308,DEP00308,Charlize Holmes,435-03-2664,Charlize,Holmes,1/9/1987,100,1288,553,1314
SUB800003,Jaiden Cortez,679-71-6000,SUB800003,Jaiden,Cortez,3/9/1987,100,1526,2915,1304,DEP00044,DEP00044,Madelynn Tapia,165-80-1312,Madelynn,Tapia,2/9/1978,100,1350,620,1881
SUB800003,Jaiden Cortez,653-43-1988,SUB800003,Jaiden,Cortez,3/9/1987,100,1526,2915,1304,DEP00183,DEP00183,Jaime Baker,426-04-9456,Jaime,Baker,1/9/1990,100,917,1795,539
SUB800003,Jaiden Cortez,452-75-9997,SUB800003,Jaiden,Cortez,3/9/1987,100,1526,2915,1304,DEP00213,DEP00213,Kendra Liu,763-41-2429,Kendra,Liu,5/9/1987,100,2879,2693,709
SUB800003,Jaiden Cortez,812-18-5628,SUB800003,Jaiden,Cortez,3/9/1987,100,1526,2915,1304,DEP00225,DEP00225,Donte Walton,265-67-0576,Donte,Walton,3/9/1992,100,1147,2750,1814
SUB800003,Jaiden Cortez,441-90-0038,SUB800003,Jaiden,Cortez,3/9/1987,100,1526,2915,1304,DEP00230,DEP00230,Blake Carrillo,776-86-3891,Blake,Carrillo,7/9/1977,100,2129,749,754
SUB800003,Jaiden Cortez,519-04-5535,SUB800003,Jaiden,Cortez,3/9/1987,100,1526,2915,1304,DEP00236,DEP00236,Averie Garrison,389-12-9681,Averie,Garrison,10/9/1985,100,1429,1693,2309
SUB800003,Jaiden Cortez,462-59-4145,SUB800003,Jaiden,Cortez,3/9/1987,100,1526,2915,1304,DEP00245,DEP00245,Alisa Andersen,367-13-2761,Alisa,Andersen,6/9/1978,100,2083,681,1870
SUB800003,Jaiden Cortez,801-64-7831,SUB800003,Jaiden,Cortez,3/9/1987,100,1526,2915,1304,DEP00281,DEP00281,Zachary Chang,668-61-4060,Zachary,Chang,11/9/1977,100,602,681,2042
SUB800003,Jaiden Cortez,685-87-1310,SUB800003,Jaiden,Cortez,3/9/1987,100,1526,2915,1304,DEP00356,DEP00356,Logan Torres,820-23-7928,Logan,Torres,1/9/1984,100,1885,2399,2348
SUB800003,Jaiden Cortez,631-34-5686,SUB800003,Jaiden,Cortez,3/9/1987,100,1526,2915,1304,DEP00494,DEP00494,Emelia Chen,884-99-2892,Emelia,Chen,1/9/1982,100,2739,2572,2916
SUB800004,Martin Ibarra,808-35-9371,SUB800004,Martin,Ibarra,8/9/1976,100,2031,2463,2391,DEP00073,DEP00073,Irene Swanson,315-71-3127,Irene,Swanson,10/9/1989,100,2441,1763,758
SUB800004,Martin Ibarra,684-35-5755,SUB800004,Martin,Ibarra,8/9/1976,100,2031,2463,2391,DEP00081,DEP00081,Bo Krueger,862-04-5204,Bo,Krueger,11/9/1993,100,1139,1877,2373
SUB800004,Martin Ibarra,211-31-9963,SUB800004,Martin,Ibarra,8/9/1976,100,2031,2463,2391,DEP00099,DEP00099,Julianne Casey,167-43-8488,Julianne,Casey,6/9/1983,100,1176,595,1241
SUB800004,Martin Ibarra,526-27-9407,SUB800004,Martin,Ibarra,8/9/1976,100,2031,2463,2391,DEP00136,DEP00136,Karli Day,723-71-6779,Karli,Day,4/9/1976,100,1334,864,1789
SUB800004,Martin Ibarra,557-23-6504,SUB800004,Martin,Ibarra,8/9/1976,100,2031,2463,2391,DEP00177,DEP00177,Iyana Dennis,395-54-1409,Iyana,Dennis,1/9/1981,100,2670,1897,2254
SUB800004,Martin Ibarra,230-60-8224,SUB800004,Martin,Ibarra,8/9/1976,100,2031,2463,2391,DEP00211,DEP00211,Adalynn Johnson,144-92-4998,Adalynn,Johnson,1/9/1980,100,1563,2551,1284
SUB800004,Martin Ibarra,790-59-8428,SUB800004,Martin,Ibarra,8/9/1976,100,2031,2463,2391,DEP00300,DEP00300,Coby Archer,107-29-7636,Coby,Archer,9/9/1979,100,1008,2480,2558
SUB800004,Martin Ibarra,290-32-4346,SUB800004,Martin,Ibarra,8/9/1976,100,2031,2463,2391,DEP00302,DEP00302,Hana Cuevas,256-45-6960,Hana,Cuevas,11/9/1980,100,1654,2323,1345
SUB800004,Martin Ibarra,113-07-8178,SUB800004,Martin,Ibarra,8/9/1976,100,2031,2463,2391,DEP00481,DEP00481,Neveah Barry,894-06-8473,Neveah,Barry,1/9/1975,100,2682,560,2609
SUB800005,Mateo Carroll,223-49-5421,SUB800005,Mateo,Carroll,9/9/1988,100,2183,1648,812,DEP00013,DEP00013,Mattie Gill,891-44-8469,Mattie,Gill,11/9/1982,100,1811,2429,2680
SUB800005,Mateo Carroll,392-01-7018,SUB800005,Mateo,Carroll,9/9/1988,100,2183,1648,812,DEP00030,DEP00030,Harry Schmidt,886-75-5147,Harry,Schmidt,7/9/1989,100,779,562,736
SUB800005,Mateo Carroll,134-89-7280,SUB800005,Mateo,Carroll,9/9/1988,100,2183,1648,812,DEP00032,DEP00032,Aiyana Bolton,698-61-2045,Aiyana,Bolton,8/9/1974,100,2193,1054,2480
SUB800005,Mateo Carroll,330-10-5846,SUB800005,Mateo,Carroll,9/9/1988,100,2183,1648,812,DEP00153,DEP00153,Arabella Miranda,302-85-2238,Arabella,Miranda,11/9/1986,100,2052,647,1958
SUB800005,Mateo Carroll,404-47-3130,SUB800005,Mateo,Carroll,9/9/1988,100,2183,1648,812,DEP00195,DEP00195,Abdiel Ibarra,544-68-4824,Abdiel,Ibarra,12/9/1978,100,1579,2151,893
SUB800005,Mateo Carroll,479-79-3123,SUB800005,Mateo,Carroll,9/9/1988,100,2183,1648,812,DEP00232,DEP00232,Ryann Black,264-52-8142,Ryann,Black,1/9/1994,100,863,676,2500
SUB800005,Mateo Carroll,544-88-2710,SUB800005,Mateo,Carroll,9/9/1988,100,2183,1648,812,DEP00254,DEP00254,Sherlyn Hunt,878-89-3836,Sherlyn,Hunt,6/9/1991,100,2146,1687,2134
SUB800005,Mateo Carroll,454-77-5197,SUB800005,Mateo,Carroll,9/9/1988,100,2183,1648,812,DEP00396,DEP00396,Lance Dennis,505-53-7951,Lance,Dennis,4/9/1989,100,754,1033,1528
SUB800005,Mateo Carroll,226-51-1531,SUB800005,Mateo,Carroll,9/9/1988,100,2183,1648,812,DEP00443,DEP00443,Makena Davenport,729-92-5260,Makena,Davenport,9/9/1975,100,1622,2120,2502
SUB800006,Jaiden Miller,189-42-6895,SUB800006,Jaiden,Miller,9/9/1976,100,2482,1025,2365,DEP00056,DEP00056,Janae Haney,696-22-9054,Janae,Haney,4/9/1982,100,1256,2163,557
SUB800006,Jaiden Miller,471-51-1233,SUB800006,Jaiden,Miller,9/9/1976,100,2482,1025,2365,DEP00071,DEP00071,Jordon Love,323-62-2275,Jordon,Love,2/9/1990,100,2904,1752,826
SUB800006,Jaiden Miller,372-24-2586,SUB800006,Jaiden,Miller,9/9/1976,100,2482,1025,2365,DEP00149,DEP00149,Jarrett White,340-88-9965,Jarrett,White,9/9/1982,100,1568,2667,551
SUB800006,Jaiden Miller,338-81-2986,SUB800006,Jaiden,Miller,9/9/1976,100,2482,1025,2365,DEP00197,DEP00197,Marcos Frederick,786-32-7554,Marcos,Frederick,1/9/1980,100,643,1913,619
SUB800006,Jaiden Miller,787-38-2558,SUB800006,Jaiden,Miller,9/9/1976,100,2482,1025,2365,DEP00209,DEP00209,Ace Kirby,427-26-8145,Ace,Kirby,11/9/1987,100,1863,2014,2403
SUB800006,Jaiden Miller,211-12-3531,SUB800006,Jaiden,Miller,9/9/1976,100,2482,1025,2365,DEP00278,DEP00278,Aileen Sexton,148-11-0559,Aileen,Sexton,3/9/1983,100,2345,1427,2795
SUB800006,Jaiden Miller,544-63-5976,SUB800006,Jaiden,Miller,9/9/1976,100,2482,1025,2365,DEP00287,DEP00287,Dexter Callahan,606-81-0789,Dexter,Callahan,11/9/1980,100,1283,1142,2675
SUB800006,Jaiden Miller,404-38-7122,SUB800006,Jaiden,Miller,9/9/1976,100,2482,1025,2365,DEP00352,DEP00352,Chloe Malone,363-38-2240,Chloe,Malone,2/9/1977,100,1482,1412,533
SUB800006,Jaiden Miller,140-31-1426,SUB800006,Jaiden,Miller,9/9/1976,100,2482,1025,2365,DEP00442,DEP00442,Trinity Blanchard,615-74-0576,Trinity,Blanchard,1/9/1984,100,2642,760,1974
SUB800007,Kimberly Nichols,531-57-8084,SUB800007,Kimberly,Nichols,11/9/1992,100,1626,832,1394,DEP00166,DEP00166,Kaya Porter,285-15-8194,Kaya,Porter,3/9/1982,100,1790,2751,977
SUB800007,Kimberly Nichols,408-42-6175,SUB800007,Kimberly,Nichols,11/9/1992,100,1626,832,1394,DEP00192,DEP00192,Jacoby Woodard,671-44-5437,Jacoby,Woodard,8/9/1985,100,945,2078,1245
SUB800008,Lamar Phillips,861-09-1951,SUB800008,Lamar,Phillips,2/9/1994,100,1634,847,555,DEP00010,DEP00010,Keira Rasmussen,758-19-9104,Keira,Rasmussen,7/9/1976,100,2025,2037,2841
SUB800008,Lamar Phillips,300-37-3304,SUB800008,Lamar,Phillips,2/9/1994,100,1634,847,555,DEP00036,DEP00036,Uriah Hunter,857-77-4168,Uriah,Hunter,3/9/1975,100,1852,1773,1734
SUB800008,Lamar Phillips,117-20-2982,SUB800008,Lamar,Phillips,2/9/1994,100,1634,847,555,DEP00137,DEP00137,Eddie Cuevas,526-46-7377,Eddie,Cuevas,2/9/1986,100,1708,2259,2225
SUB800008,Lamar Phillips,293-66-0166,SUB800008,Lamar,Phillips,2/9/1994,100,1634,847,555,DEP00152,DEP00152,Derrick Maldonado,493-65-7270,Derrick,Maldonado,6/9/1986,100,1567,1390,2391
SUB800008,Lamar Phillips,557-72-4502,SUB800008,Lamar,Phillips,2/9/1994,100,1634,847,555,DEP00156,DEP00156,Cohen Walls,661-16-9517,Cohen,Walls,12/9/1988,100,2610,515,1810
SUB800008,Lamar Phillips,143-65-6380,SUB800008,Lamar,Phillips,2/9/1994,100,1634,847,555,DEP00165,DEP00165,Mckayla Barber,147-84-1568,Mckayla,Barber,4/9/1985,100,2544,1197,1565
SUB800008,Lamar Phillips,655-38-6198,SUB800008,Lamar,Phillips,2/9/1994,100,1634,847,555,DEP00307,DEP00307,Macy Andersen,263-46-5045,Macy,Andersen,9/9/1993,100,2716,1145,2583
SUB800009,Kelsey Colon,867-69-3386,SUB800009,Kelsey,Colon,5/9/1991,100,1725,804,1078,DEP00116,DEP00116,Bailee Garner,497-16-1384,Bailee,Garner,6/9/1989,100,2436,2041,1280
SUB800009,Kelsey Colon,193-62-2144,SUB800009,Kelsey,Colon,5/9/1991,100,1725,804,1078,DEP00121,DEP00121,Giovanny Hansen,679-98-5203,Giovanny,Hansen,1/9/1984,100,2631,1578,2335
SUB800009,Kelsey Colon,160-48-9520,SUB800009,Kelsey,Colon,5/9/1991,100,1725,804,1078,DEP00173,DEP00173,Raina Andrews,813-88-0475,Raina,Andrews,9/9/1990,100,1550,1703,2849
SUB800009,Kelsey Colon,830-27-2266,SUB800009,Kelsey,Colon,5/9/1991,100,1725,804,1078,DEP00238,DEP00238,Jasmine Saunders,196-42-8802,Jasmine,Saunders,2/9/1989,100,1498,1302,2172
SUB800009,Kelsey Colon,853-63-1766,SUB800009,Kelsey,Colon,5/9/1991,100,1725,804,1078,DEP00290,DEP00290,Turner Brock,550-59-7302,Turner,Brock,10/9/1987,100,2472,1933,1163
SUB800009,Kelsey Colon,238-80-0150,SUB800009,Kelsey,Colon,5/9/1991,100,1725,804,1078,DEP00292,DEP00292,Alessandro Stokes,146-02-9586,Alessandro,Stokes,8/9/1992,100,2030,1045,2685
SUB800009,Kelsey Colon,155-36-9913,SUB800009,Kelsey,Colon,5/9/1991,100,1725,804,1078,DEP00296,DEP00296,Belen Parker,754-30-2316,Belen,Parker,8/9/1990,100,2814,2128,1971
SUB800009,Kelsey Colon,138-65-3654,SUB800009,Kelsey,Colon,5/9/1991,100,1725,804,1078,DEP00309,DEP00309,Abigail Knapp,175-71-2116,Abigail,Knapp,7/9/1974,100,2907,1623,2255
SUB800009,Kelsey Colon,592-71-1651,SUB800009,Kelsey,Colon,5/9/1991,100,1725,804,1078,DEP00398,DEP00398,Rihanna Mcdowell,613-45-0736,Rihanna,Mcdowell,2/9/1986,100,2201,1230,1597
SUB800010,Keira Rasmussen,116-49-2443,SUB800010,Keira,Rasmussen,11/9/1974,100,1260,2705,860,DEP00023,DEP00023,Cadence Phillips,228-28-4399,Cadence,Phillips,3/9/1980,100,2137,670,2348
SUB800010,Keira Rasmussen,711-77-8036,SUB800010,Keira,Rasmussen,11/9/1974,100,1260,2705,860,DEP00148,DEP00148,Hope Sanford,889-09-9842,Hope,Sanford,9/9/1992,100,928,1092,1255
SUB800010,Keira Rasmussen,709-91-7621,SUB800010,Keira,Rasmussen,11/9/1974,100,1260,2705,860,DEP00179,DEP00179,Raiden Pace,837-37-8884,Raiden,Pace,11/9/1990,100,2746,1434,2475
SUB800010,Keira Rasmussen,893-46-7732,SUB800010,Keira,Rasmussen,11/9/1974,100,1260,2705,860,DEP00203,DEP00203,Soren Good,576-79-9273,Soren,Good,9/9/1983,100,2674,2437,1757
